-10,2,0,11,8,8,9,9,32,28,41,53,63,65,58,41,25,16,39,44,42,22,19,19,48,70,81,68,59,54,57,60,50,45,26,19,2,-1,16,18,20,-11,-26,-45,-38,-16,15,30,17,8,-10,-3,5,22,7,-8,-7,0,-2,-26,-38,-41,-32,-9,4,15,16,10,-8,-1,6,17,17,22,33,30,48,65,79,67,40,8,-29,-43,-32,1,28,32,25,0,-11,-7,-3,-4,5,-1,-8,-35,-33,-39,-40,-16,-13,6,-6,-3,-2,-9,-4,-29,-28,-24,6,16,19,24,22,28,22,19,15,2,19,17,10,-7,-12,-31,-38,-55,-53,-42,-43,-36,-48,-38,-26,-32,-18,0,20,-5,-24,-62,-69,-80,-82,-59,-55,-20,2,27,24,-10,-29,-57,-48,-29,-15,-2,9,5,-12,-28,-53,-62,-68,-50,-16,13,37,44,32,18,8,-6,-7,-7,5
-423,-387,-229,101,523,895,1018,981,868,709,565,419,283,172,80,18,-35,-72,-99,-112,-127,-133,-146,-146,-155,-160,-171,-175,-178,-184,-215,-267,-341,-406,-458,-429,-303,-106,279,565,854,957,937,839,694,533,381,249,138,59,-4,-55,-91,-118,-136,-154,-164,-174,-197,-217,-238,-248,-244,-235,-220,-194,-162,-138,-133,-152,-180,-222,-260,-299,-331,-386,-425,-441,-422,-337,-30,354,768,992,1005,915,776,635,489,353,225,131,54,-1,-45,-80,-104,-130,-142,-150,-153,-144,-123,-100,-86,-72,-69,-69,-75,-98,-153,-92,43,309,580,753,815,753,639,482,332,191,73,-11,-76,-128,-171,-195,-216,-224,-226,-231,-232,-237,-228,-237,-235,-222,-204,-203,-208,-218,-229,-252,-284,-332,-363,-396,-418,-441,-437,-433,-377,-89,302,731,974,999,921,768,629,485,352,227,137,41,-24,-74,-98,-121,-135,-136,-149,-152,-180,-209,-237,-247,1
26,20,20,25,19,32,47,50,52,52,42,29,11,3,-2,-12,10,23,24,10,3,-5,-25,-32,-32,-34,-33,-38,-45,-50,-61,-46,-37,-5,21,53,51,49,48,57,61,36,-9,-44,-44,-41,-38,-43,-43,-39,-55,-75,-95,-128,-138,-135,-144,-143,-146,-123,-92,-66,-39,-19,9,26,29,19,20,45,58,63,48,39,35,36,55,65,75,80,65,38,25,26,28,17,14,20,17,22,35,35,49,39,47,26,29,-6,-6,-21,7,27,39,54,65,76,74,78,70,66,59,30,-11,-34,-43,-47,-53,-41,-31,-28,-24,-14,-14,-3,-7,-27,-68,-97,-113,-72,-72,-59,-63,-49,-38,-34,-45,-65,-75,-86,-104,-136,-129,-115,-94,-85,-92,-96,-106,-103,-103,-87,-87,-85,-90,-110,-112,-104,-89,-63,-26,-8,-6,0,9,24,29,16,-16,-47,-55,-56,-57,-56,-42,-34,-25,-20,2
-275,-330,-421,-488,-516,-465,-398,-368,-393,-428,-462,-455,-423,-383,-346,-330,-335,-371,-456,-604,-820,-1057,-1195,-1118,-804,-334,156,574,882,1077,1186,1186,1077,904,728,612,525,454,356,223,120,37,-43,-123,-189,-194,-155,-121,-181,-276,-369,-394,-368,-333,-335,-374,-423,-472,-501,-510,-538,-595,-640,-612,-540,-449,-365,-297,-125,130,422,715,881,920,872,763,685,665,689,724,684,591,467,339,213,75,-49,-72,-45,10,7,-53,-98,-114,-62,-10,9,-28,-138,-295,-456,-586,-680,-741,-710,-531,-240,81,340,528,638,642,540,387,249,124,48,-18,-1,110,291,494,611,656,617,513,364,247,122,48,-71,-194,-289,-325,-281,-159,-18,89,150,162,137,88,23,-51,-129,-207,-281,-345,-395,-427,-446,-442,-412,-357,-281,-243,-283,-418,-590,-770,-1011,-1189,-1230,-949,-413,209,760,1160,1398,1419,1306,1124,939,804,693,563,462,373,1
360,487,519,503,511,550,615,710,810,923,965,991,920,723,107,-317,-618,-537,-268,-103,-68,-70,-94,-84,-355,-688,-959,-1025,-861,-750,-724,-631,-285,19,335,518,432,45,-520,-797,-639,-293,61,281,404,552,299,-196,-613,-949,-892,-884,-712,-131,521,959,947,390,-137,-516,-437,-259,-37,283,508,794,726,528,81,-263,-547,-654,-371,-203,267,553,882,974,753,391,-136,-531,-686,-502,-39,458,701,733,673,446,175,-250,-541,-602,-427,-190,109,223,355,392,389,335,92,-48,-86,38,219,418,653,810,909,823,657,363,-63,-251,-334,-133,201,446,643,577,416,125,-249,-631,-820,-698,-343,79,361,584,514,409,232,52,-254,-391,-397,-270,-124,89,338,477,510,405,331,249,75,-122,-643,-951,-1019,-685,-391,-305,-181,-76,-27,-618,-1224,-1420,-1037,-465,12,229,451,500,454,318,93,-10,-44,13,77,96,140,176,1
-474,-302,-154,-161,-112,54,228,351,442,483,475,461,447,434,421,402,374,340,296,243,197,181,210,263,306,335,353,363,367,369,368,358,345,334,323,309,293,276,255,238,221,199,178,150,62,100,43,-55,-330,-642,-795,-709,-554,-383,-260,-208,-247,-321,-385,-439,-553,-695,-866,-921,-836,-661,-440,-230,-72,-55,-73,-161,-284,-565,-773,-936,-908,-806,-490,-206,160,432,523,566,550,427,178,-100,-318,-313,-163,-15,126,177,246,284,340,408,512,592,644,650,634,625,614,587,556,535,521,512,500,492,485,479,471,462,453,440,424,410,393,370,346,324,296,211,241,218,37,-266,-673,-817,-731,-561,-394,-282,-228,-267,-357,-462,-511,-537,-685,-861,-1036,-1021,-862,-610,-370,-157,-75,-27,-56,-152,-425,-663,-890,-909,-818,-482,-169,192,447,499,554,528,306,-32,-340,-500,-401,-241,-35,102,253,338,410,473,1
256,346,576,716,1001,899,722,314,-281,-653,-679,-352,80,596,746,781,478,-93,-539,-635,-456,-226,-42,93,256,406,501,486,345,211,167,273,466,645,749,781,751,718,631,514,178,-134,-431,-525,-339,-239,-64,130,336,451,448,214,-402,-748,-1002,-832,-561,-281,38,257,396,344,90,-133,-233,-172,-18,167,285,440,514,565,355,98,-234,-292,-266,-184,-139,-97,201,460,530,488,73,-509,-791,-812,-450,-127,123,271,338,305,74,-346,-692,-829,-763,-569,-345,-151,30,129,242,257,174,-60,-322,-482,-455,-284,-33,212,594,773,893,787,399,92,-238,-469,-682,-897,-1022,-933,-730,-193,235,379,188,-70,-228,-210,-72,74,177,279,371,447,486,481,478,472,460,449,426,391,291,-19,-247,-359,-214,215,496,519,316,258,360,447,40,-460,-975,-1028,-780,-591,-42,204,445,413,238,64,14,-93,-424,-719,-883,-741,1
10,-25,-52,-59,-50,-24,-2,3,-8,-47,-142,-236,-276,-163,35,243,376,398,355,279,190,109,55,16,-10,-23,-26,-17,-4,20,42,70,92,71,-34,-174,-338,-372,-272,-61,160,283,276,221,151,90,42,30,35,57,77,78,59,36,14,-1,-15,-32,-62,-86,-106,-104,-91,-68,-55,-55,-91,-167,-314,-280,-176,127,347,450,436,352,246,142,32,-64,-148,-191,-201,-177,-131,-74,-28,14,57,85,88,80,-28,-268,-317,-306,-29,193,272,258,152,21,-86,-171,-223,-241,-233,-206,-145,-69,13,64,89,100,114,137,38,-232,-419,-485,-270,6,160,207,164,105,66,29,-17,-51,-47,-7,48,93,118,130,141,151,65,-190,-394,-486,-312,-56,124,171,142,56,-32,-103,-144,-158,-158,-148,-127,-109,-94,-65,-29,-3,-28,-207,-398,-351,-186,138,288,293,230,143,66,63,97,135,139,108,65,26,1
290,272,97,-236,-703,-1088,-1295,-1239,-1044,-839,-665,-565,-511,-407,-386,-249,-196,-82,72,223,296,285,166,0,-180,-356,-446,-436,-344,-224,-143,-65,5,88,175,268,355,420,468,489,485,464,447,457,504,585,660,756,805,822,781,772,765,714,573,330,53,-179,-353,-470,-546,-666,-726,-705,-558,-344,-151,17,125,66,-561,-1160,-1508,-1206,-605,-119,152,372,482,431,110,-289,-426,-308,59,274,374,430,484,510,508,474,425,355,252,149,34,-35,-65,-39,29,133,230,311,360,413,474,564,671,789,906,960,925,790,691,683,722,710,537,261,-20,-216,-275,-268,-197,-149,-87,-22,39,89,116,139,163,184,243,285,225,21,-451,-997,-1409,-1481,-1210,-853,-538,-343,-247,-197,-215,-169,-76,57,135,172,116,50,-40,-169,-261,-318,-296,-247,-215,-180,-135,-59,26,114,179,242,302,365,412,460,498,544,579,603,1
24,188,321,364,327,280,223,142,50,-24,-90,-131,-166,-190,-205,-208,-207,-222,-256,-292,-300,-263,-197,-139,-57,85,187,262,256,238,216,179,110,31,-36,-87,-127,-149,-172,-191,-194,-183,-197,-225,-253,-275,-233,-170,-95,-7,126,222,235,216,205,197,184,119,25,-30,-79,-127,-156,-189,-210,-221,-227,-226,-207,-188,-188,-207,-230,-272,-270,-230,-201,-72,83,260,353,371,314,273,211,135,50,-26,-82,-138,-161,-183,-188,-182,-169,-172,-184,-214,-228,-203,-169,-82,-25,93,199,270,293,266,252,222,168,95,25,-31,-74,-123,-147,-176,-190,-208,-206,-198,-182,-176,-196,-208,-220,-210,-198,-177,-87,46,236,334,380,332,294,250,159,87,0,-43,-95,-120,-163,-185,-207,-218,-203,-198,-203,-219,-238,-251,-246,-223,-216,-117,-22,144,264,317,316,279,239,166,78,6,-55,-108,-148,-183,-214,-229,-245,-236,-229,-229,1
-239,-235,-232,-228,-225,-219,-212,-207,-201,-196,-190,-179,-173,-165,-158,-153,-146,-138,-127,-118,-108,-99,-91,-81,-69,-56,-47,-34,-23,-12,-1,11,19,30,38,42,44,46,56,67,81,94,109,132,166,195,190,99,-221,-538,-289,231,838,859,431,101,-17,-10,-61,-66,-3,137,220,175,77,-28,-110,-95,30,187,269,212,104,25,-32,-96,-231,-218,35,389,648,600,380,195,88,16,-42,-94,-123,-138,-140,-179,-348,-313,138,719,1129,979,557,241,92,9,-57,-114,-176,-208,-190,-113,-23,30,21,-16,-54,-85,-103,-118,-148,-165,-172,-175,-167,-158,-150,-144,-141,-133,-127,-120,-113,-104,-101,-91,-80,-75,-68,-67,-63,-54,-50,-41,-40,-32,-24,-13,-5,13,25,39,49,62,76,85,97,104,113,122,130,136,142,150,157,164,168,177,179,182,183,186,190,195,199,198,200,202,210,221,228,240,1
-605,-395,-117,125,259,318,372,427,462,485,508,540,555,555,542,526,519,509,496,474,455,438,428,421,416,413,411,410,404,396,385,373,366,363,364,368,370,375,375,369,365,366,371,379,381,377,375,375,386,387,359,277,-9,-764,-1194,-1393,-913,-263,180,387,516,552,519,438,311,32,-277,-576,-654,-504,-319,-174,-144,-136,-143,-151,-180,-219,-249,-265,-264,-253,-225,-162,-125,-76,-70,-72,-151,-347,-810,-1396,-1611,-1460,-902,-307,111,339,393,320,226,160,89,51,49,92,179,284,396,495,558,585,583,569,553,549,558,571,579,569,505,404,180,-181,-585,-912,-1006,-761,-330,237,647,801,667,345,-44,-325,-444,-492,-386,-271,-83,117,212,224,187,115,43,-11,-22,14,69,134,183,218,226,216,195,169,152,148,156,180,210,242,270,291,306,319,326,337,351,376,405,428,430,411,379,341,1
-831,-871,-800,-708,-605,-506,-395,-282,-181,-92,-16,53,103,146,191,247,301,346,370,385,401,411,401,377,339,300,261,218,149,45,-98,-310,-520,-683,-758,-738,-698,-656,-612,-544,-459,-381,-313,-272,-241,-226,-194,-128,-35,69,152,202,228,247,270,305,341,372,394,392,367,323,290,288,302,314,301,259,153,-17,-283,-558,-791,-893,-842,-680,-475,-296,-141,-12,103,189,248,282,304,325,341,356,366,362,348,334,317,299,289,285,303,295,242,164,31,-106,-275,-423,-523,-572,-573,-541,-506,-442,-357,-245,-124,-18,72,151,215,274,317,356,361,358,350,347,352,359,367,370,376,380,383,383,379,371,357,356,350,332,305,253,129,-58,-277,-479,-594,-665,-665,-631,-580,-521,-461,-401,-336,-259,-187,-122,-56,7,70,116,151,173,194,212,231,227,208,166,85,-7,-131,-256,-378,-446,-431,-366,-278,-198,1
86,72,58,53,58,107,179,232,263,342,387,445,361,243,136,87,51,21,-1,-11,-4,11,47,93,140,179,202,218,235,250,272,281,287,279,247,204,147,96,47,16,-27,-39,-30,-18,1,20,67,104,112,74,15,-96,-219,-466,-790,-1084,-1233,-1114,-768,-380,-101,-240,-857,-1581,-1866,-1862,-1844,-1410,-871,-672,-688,-699,-661,-582,-472,-381,-319,-291,-272,-259,-226,-197,-161,-128,-97,-94,-126,-166,-215,-216,-188,-136,-64,-3,38,54,93,135,189,210,206,205,208,226,240,267,296,324,353,370,380,378,373,367,372,385,399,398,368,320,265,216,160,96,42,26,67,151,229,239,218,149,61,-46,-123,-291,-532,-880,-1131,-1115,-852,-477,-113,149,307,380,417,444,473,497,506,482,420,348,291,268,265,273,277,285,295,303,320,320,298,258,208,176,146,124,93,80,95,116,146,155,156,156,1
750,778,747,564,246,-294,-816,-1214,-1341,-1270,-1098,-910,-722,-570,-462,-380,-300,-215,-122,-44,35,111,191,270,349,435,569,707,765,715,554,306,-69,-536,-971,-1214,-1241,-1143,-997,-823,-639,-461,-324,-229,-159,-91,-27,64,119,204,250,311,370,406,446,492,533,596,668,750,800,806,698,530,283,-45,-439,-805,-1069,-1158,-1123,-1022,-871,-698,-532,-406,-302,-221,-134,-40,44,113,171,226,264,317,353,389,417,458,528,594,653,688,720,707,624,378,-12,-468,-918,-1175,-1234,-1135,-959,-774,-589,-460,-364,-290,-208,-114,-32,39,101,155,209,269,332,393,491,595,730,787,797,709,518,158,-339,-845,-1171,-1241,-1157,-996,-823,-636,-462,-325,-236,-165,-88,-15,77,145,211,270,332,376,430,471,516,566,609,667,691,665,570,406,188,-109,-467,-793,-1011,-1079,-1045,-952,-806,-639,-487,-366,-282,-204,-127,-37,44,118,187,245,1
-28,69,156,172,147,108,85,75,74,74,76,86,103,126,159,197,235,269,302,339,383,430,462,458,407,315,207,158,165,303,558,807,1033,933,285,-746,-1410,-1346,-645,181,632,813,777,515,70,-490,-1015,-1210,-1047,-676,-268,59,265,424,437,408,328,218,85,-22,-46,20,163,348,485,581,575,450,190,-103,-369,-519,-607,-659,-640,-528,-376,-269,-273,-453,-905,-1476,-1816,-1601,-908,19,730,1096,1070,721,154,-472,-951,-1036,-788,-390,-11,256,443,553,573,531,472,375,294,241,229,223,197,161,136,135,145,178,219,306,424,567,683,659,490,67,-541,-1349,-1839,-1863,-1611,-833,-59,362,464,239,-252,-886,-1324,-1248,-755,-151,292,505,574,588,545,494,501,514,559,502,409,246,42,-162,-334,-388,-309,-81,88,309,431,410,242,-50,-326,-504,-559,-534,-396,-255,-122,-48,3,57,87,91,91,95,128,186,1
382,409,473,682,777,716,473,-14,-388,-605,-599,-427,-232,-3,132,265,298,252,121,12,-47,-80,-77,-49,32,160,364,592,707,786,812,745,643,440,37,-440,-959,-1292,-1176,-817,-132,330,677,714,350,-245,-931,-1275,-1224,-1029,-677,-395,-163,-28,-34,-133,-245,-299,-269,-223,-186,-156,-99,-4,182,342,462,514,504,408,225,-175,-455,-554,-424,-72,213,362,508,561,615,607,489,325,141,-15,-93,-110,-21,183,364,495,608,618,516,203,-220,-667,-888,-787,-524,-92,175,502,582,497,20,-599,-1177,-1396,-1240,-881,-499,-205,-24,152,184,130,-39,-171,-246,-264,-225,-146,-12,295,604,883,1006,949,772,506,80,-237,-377,-275,-27,171,327,368,312,304,254,82,-174,-467,-537,-450,-178,64,274,464,496,571,467,299,130,28,82,270,597,886,1071,1166,1146,1000,773,423,118,-75,-18,205,556,824,919,916,829,722,1
242,299,337,343,319,266,210,180,171,196,232,277,309,367,429,569,743,865,814,298,-634,-1450,-1736,-1342,-592,0,335,407,257,-52,-408,-718,-852,-773,-497,-227,23,199,325,375,358,281,225,199,162,149,181,202,184,76,-163,-456,-773,-954,-963,-870,-657,-382,-41,266,425,405,213,-44,-285,-370,-304,-122,46,172,251,293,314,296,266,264,306,422,484,493,387,68,-407,-1015,-1608,-1678,-1331,-654,69,523,728,738,472,68,-353,-662,-688,-490,-133,203,424,517,506,385,159,-87,-269,-281,-167,19,285,437,535,511,363,106,-173,-388,-439,-340,-116,269,581,796,843,675,306,-162,-545,-734,-770,-663,-465,-199,-24,66,98,111,71,5,-47,-23,64,168,290,387,460,473,453,430,411,403,433,488,488,412,117,-397,-1154,-1822,-1868,-1805,-1048,6,716,1020,955,495,-198,-859,-1082,-836,-329,143,428,639,752,781,1
1,-1,-5,-13,-21,-28,-30,-40,-43,-44,-39,-38,-42,-35,-34,-29,-23,-23,-21,-19,-14,-23,-21,-24,-20,-25,-24,-23,-21,-9,0,5,3,7,11,14,22,37,54,58,70,76,79,83,78,72,61,64,63,66,67,67,62,54,48,35,22,12,13,12,6,16,17,24,27,35,34,34,31,25,25,17,11,5,0,-4,-8,-22,-34,-45,-64,-71,-80,-84,-89,-85,-64,-44,-22,-9,7,13,31,47,55,60,59,59,58,64,68,62,54,51,50,48,56,58,58,61,70,84,85,89,68,44,17,-1,-13,-24,-24,-27,-28,-21,-7,3,18,35,38,31,4,-19,-44,-49,-36,-5,33,56,71,46,22,18,29,57,80,95,92,91,95,96,97,95,103,100,100,102,102,100,96,89,75,65,55,50,38,35,26,21,19,24,35,44,51,50,47,40,33,28,2
121,51,-49,-187,-288,-237,-123,43,146,202,239,256,255,233,222,213,202,205,208,212,212,207,194,180,143,-4,-210,-363,-371,-217,-146,-144,-184,-171,-107,-46,-6,45,109,162,194,203,204,206,208,200,205,227,264,385,480,501,404,228,111,84,97,78,-29,-189,-334,-374,-358,-281,-191,-121,-49,-12,12,39,40,42,45,70,92,107,126,151,189,227,285,346,422,464,457,357,195,4,-133,-194,-176,-135,-98,-85,-87,-92,-117,-151,-196,-232,-269,-289,-271,-239,-157,-38,43,70,-31,-186,-314,-420,-474,-522,-501,-406,-303,-196,-103,-27,28,37,27,38,46,40,15,-13,-19,-37,-67,-108,-117,-83,-15,59,104,43,-57,-167,-134,-65,25,45,30,32,52,96,136,183,237,293,340,374,389,396,393,386,377,358,338,308,274,251,240,229,199,147,86,25,-3,-47,-129,-273,-374,-483,-451,-487,1
75,-68,-155,-192,-176,-135,-103,-100,-112,-127,-141,-157,-177,-205,-225,-249,-271,-282,-275,-244,-186,-120,-60,-19,5,3,-24,-73,-123,-153,-157,-144,-126,-103,-110,-177,-279,-355,-402,-391,-330,-221,-70,100,273,471,665,798,813,713,524,302,110,21,33,94,152,151,87,-3,-68,-89,-77,-83,-126,-184,-234,-274,-304,-314,-302,-266,-228,-186,-156,-130,-116,-98,-74,-31,7,-7,-74,-162,-190,-155,-93,6,94,184,227,241,271,350,452,561,624,623,563,449,318,202,118,55,24,-1,-6,-2,10,20,21,-3,-49,-95,-122,-146,-167,-197,-221,-232,-219,-183,-150,-136,-132,-131,-115,-94,-75,-54,-24,16,29,-33,-157,-254,-298,-248,-189,-110,-37,55,159,326,524,711,832,844,771,632,475,349,251,187,141,131,113,74,16,-51,-96,-117,-105,-65,-37,-43,-76,-114,-147,-169,-179,-169,-144,-124,-108,-105,-113,-127,1
-92,-96,-90,-27,101,81,-105,-517,-947,-1204,-1160,-866,-363,137,456,531,359,65,-174,-277,-242,-186,-145,-126,-77,9,103,194,266,318,351,362,350,338,315,300,284,280,274,263,222,187,126,65,5,-38,-44,5,54,89,101,104,148,80,-46,-226,-510,-718,-876,-956,-960,-887,-712,-437,-170,48,209,335,411,444,394,329,233,143,52,-31,-93,-131,-144,-126,-96,-35,121,237,355,450,424,340,165,-15,-116,-261,-561,-677,-721,-502,-268,-54,114,192,177,121,12,-77,-125,-94,-27,44,108,154,194,233,269,301,345,382,418,443,458,471,490,482,410,234,-39,-280,-376,-309,-71,166,305,408,321,191,-100,-740,-1324,-1676,-1657,-1277,-957,-623,-296,-7,232,381,454,461,437,413,395,384,375,388,411,425,424,418,400,392,406,457,575,704,761,714,565,376,222,137,97,88,95,107,149,204,267,331,1
585,571,543,508,462,417,377,348,333,330,326,325,315,315,306,297,286,273,262,241,217,192,186,210,281,361,413,422,357,99,-347,-997,-1453,-1627,-1502,-1282,-1036,-754,-417,-120,92,187,68,-518,-1124,-1501,-1257,-560,-38,259,250,47,-306,-544,-577,-395,-176,-34,74,124,157,157,134,122,116,122,116,82,4,-98,-195,-255,-272,-235,-181,-120,-81,-76,-137,-190,-224,-159,-12,174,384,530,540,455,317,253,272,324,395,468,535,584,614,634,637,632,622,610,599,578,554,518,486,451,417,388,353,315,278,242,216,193,173,173,187,221,248,253,234,148,-145,-528,-982,-1261,-1255,-1162,-983,-800,-563,-278,-4,180,281,312,301,68,-605,-1170,-1506,-1199,-505,156,554,689,527,157,-386,-856,-1097,-1030,-733,-407,-124,44,42,-159,-441,-613,-582,-370,-187,-66,14,91,171,229,277,308,338,373,402,419,444,480,1
-36,-23,-23,-20,-21,-26,-34,-28,-17,-1,17,8,-22,-101,-176,-202,-133,24,134,163,117,58,31,22,10,-4,-25,-46,-66,-96,-113,-126,-127,-119,-104,-87,-73,-66,-59,-56,-54,-52,-44,-41,-31,-18,-8,-8,-12,-12,-4,5,12,10,-15,-65,-152,-229,-232,-130,56,171,203,135,57,16,2,-21,-38,-54,-66,-81,-92,-103,-111,-119,-120,-123,-116,-107,-87,-73,-56,-44,-30,-20,-12,-8,-6,0,3,5,1,2,7,7,12,6,2,-1,2,-3,-30,-100,-195,-260,-227,-68,129,211,194,98,37,9,-9,-33,-59,-73,-80,-99,-116,-131,-152,-170,-194,-210,-217,-217,-205,-191,-178,-158,-134,-106,-92,-90,-122,-170,-214,-221,-202,-166,-142,-135,-137,-135,-124,-109,-100,-89,-85,-100,-153,-216,-252,-241,-180,-121,-98,-97,-96,-87,-66,-63,-50,-45,-41,-62,-106,-151,-183,-197,-186,-158,-127,-107,-95,-87,1
152,337,433,451,331,-79,-804,-1521,-1840,-1592,-914,-198,314,513,512,296,-28,-402,-667,-791,-676,-498,-243,6,251,403,456,463,443,416,373,352,349,359,396,397,370,295,128,-79,-309,-498,-658,-761,-848,-908,-987,-1138,-1363,-1545,-1618,-1408,-965,-415,13,278,315,219,94,11,0,64,181,330,516,614,650,519,213,-244,-798,-1231,-1445,-1203,-718,-156,295,451,342,-27,-565,-954,-988,-676,-235,160,359,469,516,523,538,535,546,497,452,405,377,356,333,318,314,315,312,313,305,294,285,275,271,272,268,280,299,334,381,445,509,559,575,535,452,360,293,294,386,590,844,1066,1026,501,-497,-1291,-1442,-914,-223,173,199,161,97,55,12,-41,-103,-131,-104,-45,35,143,324,444,531,446,144,-305,-875,-1441,-1668,-1394,-706,77,721,1000,900,465,-195,-845,-1153,-1061,-669,-242,64,212,328,408,442,442,404,327,1
98,136,163,187,198,205,216,231,255,287,297,252,208,206,252,292,193,8,-313,-619,-907,-875,-597,-75,325,302,79,-203,-365,-345,-225,9,223,445,496,353,199,91,92,192,184,244,262,204,101,-19,-147,-185,-182,-167,-128,-108,-66,-28,-73,-58,-176,-365,-607,-723,-774,-651,-529,-300,-83,88,106,0,-57,-102,-94,-46,-14,49,128,186,223,239,243,246,256,271,281,291,298,316,353,397,438,443,394,289,165,71,39,72,158,264,366,461,578,753,910,906,564,-37,-700,-1053,-984,-621,-225,33,-30,-183,-355,-462,-482,-492,-463,-369,-236,-123,-30,51,64,129,180,108,20,-99,-184,-204,-178,-153,-60,40,160,204,157,-2,-206,-470,-721,-886,-861,-599,-45,583,1019,905,504,-36,-456,-579,-434,-115,300,664,815,679,469,298,272,296,232,128,21,-38,-52,-31,33,102,130,107,101,124,146,177,1
-2,-17,-22,-37,-47,-61,-81,-103,-127,-135,-148,-151,-154,-160,-170,-177,-182,-195,-200,-198,-196,-197,-200,-212,-230,-242,-248,-249,-250,-247,-247,-247,-242,-233,-228,-229,-229,-236,-241,-247,-246,-247,-248,-247,-252,-265,-268,-272,-277,-281,-275,-276,-265,-269,-262,-268,-270,-268,-270,-272,-273,-268,-266,-261,-260,-266,-268,-270,-265,-273,-274,-274,-279,-281,-289,-283,-284,-279,-274,-273,-277,-282,-276,-277,-270,-271,-270,-270,-261,-251,-241,-232,-222,-212,-205,-197,-196,-196,-195,-196,-197,-204,-203,-197,-193,-185,-171,-163,-159,-158,-172,-185,-200,-205,-202,-198,-185,-175,-167,-153,-135,-127,-123,-117,-121,-114,-109,-92,-79,-63,-49,-39,-37,-37,-34,-39,-36,-29,-23,-20,-21,-14,-20,-22,-34,-38,-41,-32,-15,-10,-5,-7,-9,-18,-20,-28,-43,-68,-104,-167,-187,-52,413,1060,1726,2047,2047,2047,2047,1777,1472,1280,1121,986,885,822,769,717,2
-1741,-1587,-1090,-392,193,554,676,602,363,97,-115,-236,-180,54,393,675,890,999,1030,989,806,593,411,315,300,353,442,553,652,785,846,838,688,313,-254,-983,-1676,-1848,-1570,-900,-255,223,373,320,114,-104,-218,-264,-248,-170,-59,49,132,197,253,313,353,393,427,457,497,526,577,635,721,736,668,454,72,-483,-1160,-1664,-1699,-1190,-329,443,1019,1167,979,403,-388,-1007,-1127,-837,-306,101,354,441,398,260,94,-31,-125,-189,-222,-198,-146,-79,-39,-5,12,54,111,171,236,287,332,372,409,447,478,489,470,429,367,303,242,203,179,171,167,176,222,298,393,521,612,575,372,-139,-955,-1719,-1859,-1584,-755,-83,228,272,217,92,-105,-333,-558,-683,-669,-561,-420,-280,-162,-59,16,64,94,107,108,113,116,140,171,223,265,302,313,307,300,308,336,397,449,528,680,771,846,594,-27,-1063,-1727,-1829,1
47,104,162,217,265,299,332,343,354,344,326,311,300,296,302,309,313,310,294,271,239,219,212,219,261,272,268,227,190,169,160,150,161,186,222,262,292,294,289,278,291,297,308,311,310,313,327,351,384,392,291,-14,-551,-1148,-1607,-1810,-1669,-1377,-937,-548,-222,21,186,280,289,264,133,-214,-834,-1338,-1475,-1120,-566,-98,142,15,-295,-539,-595,-416,-216,-53,82,120,126,33,-60,-143,-185,-191,-179,-158,-115,-73,-30,5,29,54,84,130,172,222,260,299,322,352,365,375,378,372,357,347,337,326,324,344,359,390,396,405,403,394,385,380,379,375,378,374,374,378,386,415,448,486,514,532,539,549,572,620,680,730,741,711,634,550,459,384,330,300,275,255,225,202,150,38,-152,-396,-671,-957,-1203,-1322,-1344,-1173,-912,-552,-208,37,193,259,263,184,-59,-723,-1279,-1697,-1547,-1023,1
3,28,9,-49,-136,-208,-264,-297,-334,-340,-299,-185,-24,124,209,209,161,-62,-283,-572,-774,-853,-832,-732,-599,-481,-368,-257,-158,-82,-4,84,183,286,372,434,474,505,530,556,522,380,233,10,-296,-459,-637,-653,-612,-623,-577,-526,-502,-492,-461,-394,-267,-102,62,193,282,340,390,429,465,495,515,526,532,538,535,534,534,533,527,521,515,505,502,503,502,497,492,489,482,475,471,464,453,445,436,417,391,352,283,174,45,-137,-408,-527,-526,-299,-61,-11,-78,-164,-187,-159,-123,-92,-71,-77,-134,-228,-346,-467,-532,-525,-450,-343,-234,-143,-65,-94,-163,-306,-428,-495,-539,-571,-516,-400,-226,-67,28,-22,-149,-277,-312,-241,-122,1,126,231,316,377,425,461,494,510,442,316,244,99,-84,-271,-444,-477,-437,-371,-334,-326,-379,-437,-467,-446,-386,-264,-112,57,197,301,365,414,450,483,519,545,1
340,353,400,470,538,590,611,629,649,693,759,837,812,684,389,-231,-1250,-1768,-1816,-1637,-984,-476,-224,-14,165,314,408,454,467,437,412,379,376,339,302,248,200,174,144,152,177,216,240,239,242,252,283,317,363,391,406,432,466,527,531,491,391,157,-353,-1050,-1541,-1616,-1181,-708,-351,-143,22,146,213,223,192,159,115,82,48,49,72,113,168,218,284,269,91,-302,-775,-988,-965,-623,-301,-101,-329,-509,-766,-699,-518,-295,-106,38,121,173,142,60,60,-100,-287,-516,-671,-636,-438,-101,248,392,411,201,-254,-846,-1210,-1299,-966,-606,-335,-45,63,-32,-100,-96,58,211,294,326,350,380,402,411,377,338,333,384,468,521,559,573,600,615,627,549,371,-272,-923,-1443,-1532,-1231,-942,-661,-546,-472,-434,-276,-35,268,479,561,581,574,518,423,232,72,46,160,329,474,516,429,260,3,-307,-680,1
-606,-457,-337,-236,-149,-67,3,80,151,223,277,337,405,483,554,603,632,640,618,508,315,-26,-399,-762,-986,-1028,-928,-754,-582,-431,-306,-207,-117,-37,33,110,183,249,305,363,432,511,584,635,668,683,664,566,376,51,-327,-694,-944,-1007,-925,-761,-593,-441,-316,-214,-122,-38,41,114,193,258,313,363,434,523,604,645,642,585,471,298,-18,-378,-739,-962,-990,-885,-702,-522,-357,-222,-118,-37,31,94,150,209,267,315,359,406,482,555,629,663,686,679,614,450,197,-194,-574,-907,-1040,-999,-853,-675,-512,-371,-258,-164,-74,3,83,173,273,387,507,653,724,709,579,370,18,-383,-773,-997,-1009,-898,-713,-517,-311,-145,-8,84,154,216,272,326,387,442,499,556,624,716,810,877,803,606,266,-117,-499,-807,-986,-1028,-951,-808,-628,-451,-301,-187,-92,-10,78,149,217,275,326,367,430,474,523,557,1
-78,-61,-49,-22,8,21,33,29,-5,-51,-92,-130,-159,-142,-92,-51,-33,6,25,0,-45,-89,-135,-176,-180,-164,-147,-111,-67,-48,-37,-5,5,3,-4,-22,-64,-112,-128,-132,-119,-75,-31,-33,-53,-59,-87,-105,-89,-65,-63,-63,-52,-79,-128,-164,-168,-175,-151,-89,-56,-57,-63,-61,-76,-79,-72,-88,-102,-77,-58,-80,-100,-104,-110,-133,-131,-97,-59,-13,12,-2,-35,-43,-58,-108,-140,-155,-168,-165,-123,-90,-68,-8,23,11,-37,-69,-97,-122,-107,-68,-64,-68,-48,-46,-56,-45,-27,-44,-76,-86,-100,-105,-94,-72,-60,-51,-53,-87,-122,-136,-128,-120,-93,-63,-63,-95,-118,-114,-105,-91,-73,-63,-58,-47,-59,-69,-61,-49,-43,-40,-39,-54,-93,-123,-128,-116,-90,-53,-27,-26,-25,-33,-54,-64,-39,-21,-33,-32,-7,3,11,14,-6,-13,4,28,18,2,-8,-15,-21,-16,-10,-44,-82,-94,4
-494,-610,-387,-39,151,208,170,92,13,-97,-185,-202,-132,-1,94,158,202,195,145,47,-51,-116,-165,-189,-204,-203,-203,-184,-163,-135,-106,-68,15,174,530,879,1131,1160,1091,1006,779,112,-514,-907,-722,-141,325,607,589,419,280,206,197,250,250,199,67,-58,-138,-173,-176,-171,-156,-144,-145,-146,-143,-137,-114,-77,-29,29,89,149,208,269,339,465,683,940,1130,1169,1037,829,228,-472,-999,-1144,-833,-477,-308,-299,-425,-496,-495,-446,-395,-378,-400,-449,-532,-608,-586,-451,-227,73,178,23,-412,-725,-752,-411,134,652,978,1002,764,408,23,-353,-564,-603,-474,-365,-137,-46,31,-155,-478,-785,-866,-671,-177,405,896,1044,867,492,68,-187,-177,57,312,492,499,390,246,77,-66,-142,-157,-123,-49,107,306,482,564,531,455,408,402,410,415,441,465,478,504,599,732,825,675,82,-653,-1246,-1347,-903,-436,-91,1
-53,-41,-34,-21,-3,8,-4,-19,-35,-28,-26,-16,-18,-33,-34,-29,-17,-18,-22,-32,-24,1,5,18,13,25,19,15,17,2,-10,-22,-20,-8,-10,-10,1,9,33,44,34,25,34,40,47,37,26,10,16,13,20,11,-7,-9,-8,5,5,2,-17,-28,-21,-11,-15,-13,-14,-26,-15,-7,-2,2,4,18,16,-1,-24,-35,-47,-44,-40,-66,-95,-135,-152,-156,-134,-139,-143,-155,-159,-157,-164,-177,-185,-209,-223,-245,-248,-234,-210,-195,-191,-196,-203,-199,-174,-142,-122,-122,-121,-116,-103,-89,-84,-82,-74,-70,-63,-65,-54,-34,0,10,13,3,-7,5,4,12,0,-3,2,8,7,7,3,-2,0,15,10,19,10,7,8,-3,-13,-21,-30,-23,-28,-34,-39,-46,-41,-52,-61,-63,-70,-66,-78,-85,-96,-104,-100,-105,-83,-76,-76,-78,-78,-68,-68,-61,-56,-36,-22,-26,-46,-58,2
-94,-178,-282,-414,-520,-547,-476,-390,-303,-245,-148,-38,74,157,185,178,172,174,196,223,242,226,163,63,-15,-108,-184,-291,-416,-443,-393,-254,-115,-21,52,126,224,315,385,362,285,189,113,66,74,118,139,117,79,7,-56,-156,-221,-264,-269,-212,-108,56,194,278,324,383,427,426,345,227,124,33,-46,-65,-21,77,145,178,153,103,37,-85,-201,-332,-436,-505,-514,-442,-305,-172,-64,3,87,178,223,238,211,199,236,275,295,272,226,175,125,61,-17,-80,-144,-205,-325,-467,-504,-443,-317,-196,-119,-43,35,155,245,308,282,212,140,99,106,153,216,250,251,221,174,116,28,-63,-151,-260,-412,-515,-559,-489,-397,-309,-234,-154,-40,82,179,210,196,156,135,153,206,271,314,312,273,213,144,54,-29,-107,-182,-289,-400,-473,-464,-382,-280,-189,-118,-39,55,153,210,216,177,151,155,204,1
457,420,344,272,198,122,35,-69,-168,-258,-322,-363,-379,-391,-400,-409,-423,-437,-457,-434,-291,-291,-2,309,540,591,525,425,313,211,102,10,-89,-158,-215,-266,-303,-336,-336,-361,-382,-390,-360,-273,-88,114,305,399,438,387,303,194,101,33,-16,-109,-179,-251,-283,-314,-341,-360,-353,-361,-329,-251,-109,66,196,279,316,334,332,261,184,128,74,40,-22,-70,-153,-207,-255,-280,-305,-321,-334,-299,-228,-132,-57,-28,11,87,182,318,383,382,316,251,194,124,41,-40,-112,-165,-222,-282,-315,-357,-372,-386,-401,-415,-447,-466,-474,-486,-327,28,453,800,865,799,696,601,464,335,198,70,-48,-144,-198,-242,-271,-306,-342,-364,-381,-392,-404,-330,-121,240,592,822,827,751,650,543,429,297,135,0,-105,-198,-266,-318,-351,-360,-384,-375,-382,-358,-286,-92,153,420,595,655,610,506,408,291,205,106,6,-87,1
63,125,174,201,184,144,110,79,52,28,2,-31,-68,-93,-95,-80,-67,-55,-40,14,73,109,97,51,3,-28,-41,-37,-29,-20,-8,6,25,44,64,78,86,79,57,20,-18,-30,19,97,144,117,17,-85,-142,-159,-153,-139,-125,-111,-97,-80,-62,-42,-30,-12,-8,2,3,3,24,46,57,87,80,44,-21,-46,-20,44,66,25,-95,-208,-270,-281,-276,-257,-252,-228,-196,-162,-127,-101,-65,-30,-5,12,46,56,96,88,111,121,118,113,105,99,71,15,-61,-103,-74,-39,-42,-80,-145,-201,-231,-282,-321,-329,-336,-324,-302,-286,-255,-207,-148,-81,-35,-23,-23,-20,-11,-1,-1,-43,-56,-96,-87,-90,-59,-37,-9,30,54,87,112,131,140,151,152,162,181,200,233,248,211,149,61,14,2,31,22,-12,-93,-200,-276,-320,-334,-330,-299,-290,-236,-172,-109,-22,44,101,145,147,149,135,1
249,312,366,420,480,543,597,646,680,709,707,648,468,201,-239,-640,-987,-1110,-1071,-914,-748,-583,-445,-342,-259,-180,-86,-1,92,172,249,308,371,426,496,562,618,666,708,718,668,502,232,-187,-589,-935,-1075,-1046,-896,-716,-545,-406,-300,-217,-138,-56,27,113,193,263,321,379,437,505,573,635,673,708,722,698,585,357,-15,-441,-837,-1060,-1084,-971,-797,-635,-496,-386,-296,-212,-123,-37,55,144,231,325,445,580,732,812,811,646,431,25,-422,-858,-1122,-1151,-1033,-848,-646,-438,-251,-116,-13,56,126,188,252,327,395,456,521,597,675,766,845,853,735,514,200,-135,-492,-765,-941,-980,-909,-782,-605,-433,-289,-181,-97,-12,77,171,254,317,379,428,491,547,579,613,698,812,904,876,704,454,52,-397,-826,-1084,-1130,-1032,-868,-689,-494,-356,-240,-152,-70,1,71,151,225,310,390,499,624,743,780,690,1
-48,-149,-210,-261,-309,-361,-384,-348,-294,-241,-253,-347,-462,-538,-481,-311,-112,98,200,247,243,259,295,360,404,461,522,573,578,539,462,383,285,171,59,-49,-124,-185,-239,-271,-284,-304,-337,-414,-525,-614,-626,-550,-416,-249,-104,43,179,316,461,595,707,802,862,892,839,671,438,246,177,215,253,212,65,-114,-271,-392,-500,-574,-590,-524,-427,-354,-334,-319,-315,-327,-379,-431,-435,-351,-204,-47,86,230,345,472,586,672,723,769,777,749,664,547,420,301,195,111,60,11,-34,-131,-236,-334,-403,-446,-482,-510,-524,-516,-482,-447,-439,-499,-576,-598,-508,-366,-189,-65,30,147,312,549,788,953,955,844,723,639,620,591,466,308,144,18,-84,-193,-291,-324,-282,-203,-138,-109,-148,-203,-241,-254,-289,-409,-588,-723,-748,-620,-420,-212,-64,-15,-46,-41,18,215,439,670,822,905,905,804,580,332,117,1,1
-351,-421,-452,-406,-306,-184,-57,38,112,166,208,243,270,289,291,281,252,232,229,255,314,402,609,760,836,609,26,-907,-1521,-1696,-1205,-572,-141,0,9,-111,-294,-494,-617,-669,-596,-423,-223,-41,34,66,84,113,165,248,389,451,480,351,23,-460,-1076,-1650,-1857,-1743,-1235,-572,29,298,255,-153,-825,-1348,-1381,-1039,-501,-40,217,389,459,440,402,343,288,257,273,325,383,434,466,486,491,489,485,475,466,460,450,438,417,398,371,352,339,333,332,331,330,325,316,300,286,285,346,458,578,661,623,329,-202,-1039,-1794,-1868,-1767,-837,208,849,932,619,-127,-944,-1186,-957,-378,129,450,712,872,871,705,430,80,-232,-390,-347,-131,89,283,464,613,728,719,603,458,327,246,212,238,303,376,442,485,492,460,411,369,352,354,379,422,473,524,569,582,409,-15,-796,-1563,-1866,-1863,-1708,-972,-402,1
-64,-117,-138,-122,-123,-111,-103,-93,-79,-77,-99,-86,-90,-83,-76,-56,-17,1,-5,-3,-3,-31,-81,-97,-108,-131,-114,-89,-73,-37,-8,-15,-39,-63,-129,-213,-274,-297,-288,-229,-130,-36,52,132,165,147,88,25,-29,-65,-108,-137,-145,-97,-25,32,57,49,15,-15,-56,-99,-134,-142,-134,-81,-25,17,48,56,52,53,57,46,19,-4,-34,-66,-87,-80,-89,-107,-89,-97,-94,-67,-41,-21,-3,7,0,-23,-69,-92,-119,-140,-146,-135,-122,-100,-77,-54,-13,20,0,6,-5,-32,-57,-85,-112,-127,-129,-83,-37,6,35,16,-17,-61,-92,-111,-140,-167,-169,-124,-84,-50,-35,-25,-14,-5,-7,-31,-54,-112,-148,-170,-181,-205,-224,-220,-181,-118,-41,20,35,3,-39,-89,-119,-120,-111,-120,-108,-86,-47,-20,-8,6,-19,-63,-99,-140,-147,-138,-127,-104,-49,-9,-9,-31,-59,-82,-126,-151,-175,-185,4
-296,-274,-286,-322,-401,-371,-236,-78,38,24,-23,-78,-154,-99,110,425,730,860,845,751,605,433,250,89,-73,-189,-267,-302,-304,-314,-310,-312,-360,-407,-380,-271,-114,-1,-29,-97,-192,-287,-447,-442,-199,227,668,870,873,788,623,429,223,19,-144,-285,-386,-448,-468,-469,-460,-477,-490,-461,-382,-290,-254,-272,-298,-339,-399,-383,-227,55,369,577,656,620,526,373,238,92,-17,-116,-216,-295,-336,-363,-375,-408,-467,-568,-629,-591,-432,-219,-45,35,10,-41,-108,-151,-167,-155,-115,-51,2,57,147,276,386,444,411,350,245,91,-80,-224,-350,-437,-497,-479,-417,-326,-255,-209,-219,-277,-354,-398,-407,-375,-355,-317,-248,-172,-83,-13,83,216,399,532,571,490,387,272,167,32,-70,-142,-172,-177,-209,-267,-361,-408,-410,-350,-278,-202,-152,-79,-19,39,41,64,75,140,230,288,331,314,280,238,177,79,-56,-192,1
-362,-327,-229,-56,148,318,416,514,630,760,847,894,866,802,715,627,559,473,358,215,57,-86,-224,-344,-441,-524,-586,-630,-655,-674,-677,-669,-650,-619,-591,-553,-440,-125,337,775,1018,1040,963,848,719,577,440,304,175,52,-58,-151,-230,-293,-349,-394,-429,-457,-473,-484,-488,-489,-477,-466,-450,-439,-370,-194,45,281,398,449,503,573,674,755,789,774,714,638,568,474,343,185,11,-159,-324,-451,-552,-616,-639,-643,-630,-610,-590,-559,-509,-401,-244,19,402,730,963,996,941,858,746,615,499,392,303,184,60,-71,-196,-322,-426,-486,-544,-583,-602,-617,-607,-457,-142,310,695,875,882,783,675,562,464,378,286,153,-7,-148,-271,-355,-422,-460,-485,-520,-582,-605,-611,-593,-608,-642,-642,-545,-328,46,398,665,802,807,765,682,559,401,229,62,-97,-221,-323,-399,-453,-497,-518,-529,-543,-526,-487,-395,-224,85,1
1031,878,608,270,-61,-384,-677,-909,-1052,-1112,-1109,-1050,-1009,-1038,-1039,-993,-774,-453,-211,-147,-249,-382,-410,-317,-168,9,206,329,396,374,349,345,331,355,422,508,510,379,174,-11,-192,-338,-447,-439,-335,-183,-41,60,95,91,76,58,38,13,21,138,214,262,204,123,108,151,327,451,576,557,431,218,-53,-298,-451,-474,-398,-256,-111,18,117,166,162,102,22,-55,-89,-85,-49,-68,-127,-208,-282,-321,-276,-89,83,189,106,-42,-157,-263,-322,-321,-225,-136,-91,-156,-246,-286,-231,-120,-9,107,219,374,517,637,658,632,611,638,666,637,563,482,436,391,353,259,84,-155,-431,-653,-748,-749,-756,-707,-666,-612,-555,-541,-509,-412,-259,-71,35,125,130,168,192,150,84,41,41,131,230,289,270,207,171,255,259,187,-19,-210,-268,-247,-167,-87,-18,28,89,166,248,317,366,396,406,394,379,355,1
634,444,279,161,96,64,28,-26,-90,-145,-182,-198,-207,-215,-219,-214,-208,-201,-191,-180,-175,-192,-254,-324,-377,-370,-319,-261,-233,-279,-402,-529,-629,-552,-345,3,355,640,811,862,810,681,524,349,195,72,22,18,15,-14,-70,-150,-230,-282,-279,-218,-146,-79,-53,-46,-67,-108,-175,-250,-300,-306,-259,-174,-108,-71,-142,-369,-576,-645,-459,-25,374,708,872,897,883,835,768,661,533,414,298,197,77,-16,-83,-113,-103,-73,-19,-15,-44,-109,-152,-135,-97,-83,-97,-141,-175,-167,-126,-59,10,50,41,-70,-281,-530,-726,-712,-496,-114,292,612,804,875,832,714,555,408,305,205,153,102,47,-27,-132,-223,-278,-282,-266,-248,-234,-200,-149,-86,-37,-51,-133,-264,-373,-466,-597,-783,-923,-903,-665,-267,173,516,708,747,705,621,531,439,336,224,92,-3,-78,-124,-140,-185,-244,-343,-439,-465,-421,-316,-179,-37,1
173,94,-4,-99,-150,-157,-136,-106,-82,-54,-12,19,52,72,82,76,69,56,34,12,-5,0,43,124,228,313,365,368,318,242,159,96,68,61,39,-15,-98,-175,-221,-231,-211,-175,-144,-113,-89,-65,-48,-40,-13,22,86,183,269,312,297,253,195,139,100,55,63,48,13,-70,-181,-269,-315,-304,-257,-206,-168,-141,-104,-61,-41,-29,-28,-4,36,123,216,293,316,288,227,161,103,67,47,52,30,-23,-122,-220,-284,-298,-261,-210,-164,-134,-104,-76,-45,-30,-27,-8,30,115,214,294,334,310,262,196,139,99,54,65,45,2,-92,-212,-292,-323,-296,-239,-185,-143,-114,-80,-53,-41,-32,-29,-7,38,121,211,290,312,275,224,159,114,72,60,60,39,-23,-127,-226,-280,-289,-262,-220,-176,-138,-106,-85,-65,-43,-14,43,101,148,168,164,139,93,58,-8,-66,-156,-216,-246,-243,-214,-170,1
288,298,277,206,115,19,-54,-66,-18,45,124,187,225,229,228,243,246,192,11,-260,-534,-696,-669,-548,-339,-179,-42,81,235,360,474,528,538,509,412,295,200,140,119,102,112,131,191,255,304,318,287,232,149,39,-60,-73,-59,-149,-327,-566,-722,-789,-775,-722,-593,-452,-292,-130,17,159,271,317,308,269,170,79,-23,-79,-77,-30,49,127,194,230,241,244,261,264,207,22,-224,-499,-668,-644,-513,-315,-138,-5,124,275,399,495,563,569,545,465,354,246,173,133,123,133,161,211,277,326,335,306,246,161,52,-60,-81,-68,-147,-307,-538,-714,-791,-794,-743,-632,-505,-344,-199,-32,114,236,292,278,237,156,70,-20,-96,-109,-65,12,90,150,182,190,191,210,227,197,49,-190,-475,-658,-678,-583,-397,-221,-80,44,198,332,441,511,523,502,434,329,227,156,109,95,98,113,149,207,1
-125,-96,-77,-74,-152,-275,-400,-468,-464,-410,-345,-278,-209,-139,10,227,469,597,541,313,55,-171,-324,-356,-53,207,405,293,-14,-241,-382,-437,-418,-359,-274,-176,-101,-75,-137,-221,-310,-343,-333,-307,-255,-163,-13,271,605,803,746,446,126,-56,-123,-135,-115,-86,-5,-7,-117,-293,-491,-575,-572,-504,-383,-217,-87,0,-33,-138,-265,-334,-314,-237,-147,-74,7,73,155,192,220,249,312,380,486,746,841,883,580,242,1,-145,-222,-289,-347,-376,-356,-249,-35,266,417,373,111,-175,-342,-405,-396,-335,-245,-116,14,104,125,73,-28,-132,-197,-195,-141,-90,-63,-56,-75,-93,-122,-134,-156,-160,-139,-83,11,144,401,816,1060,1101,737,252,-116,-308,-366,-344,-309,-256,-208,-179,-141,-154,-146,-178,-209,-232,-216,-171,-84,40,259,522,756,782,593,293,6,-206,-324,-332,-255,-114,-5,61,44,7,-44,-105,-142,-170,1
-151,-201,-228,-224,-211,-182,-154,-123,-99,-83,-87,-111,-128,-140,-132,-130,-135,-93,156,499,882,1001,820,596,358,140,-162,-480,-741,-755,-675,-527,-403,-292,-257,-299,-399,-482,-483,-394,-282,-193,-143,-147,-136,-110,-57,-32,-54,-96,-141,-166,-174,-173,-130,-79,26,277,619,906,1029,852,624,394,245,238,-26,-390,-974,-1211,-1064,-506,103,525,768,785,632,375,98,-42,-16,106,232,339,357,345,280,214,171,149,143,118,59,-16,-96,-165,-254,-349,-404,-391,-313,-154,157,501,863,952,921,873,793,781,495,34,-584,-931,-878,-421,63,426,594,613,518,321,103,-56,-111,-102,-124,-206,-338,-453,-513,-512,-454,-375,-291,-203,-101,-15,61,111,144,157,163,156,163,150,143,130,116,106,88,75,75,81,84,96,74,27,-66,-178,-272,-334,-347,-324,-281,-215,-179,-140,-131,-91,93,483,841,890,659,275,-84,-333,1
